query,category,mode,rank,track,album,semantic_score,literal_title_score,literal_album_score,literal_match_type,hybrid_score,match_reason,best_segment,included,human_relevance,notes
guide,literal,semantic,1,What Now?,Black & White,0.3405,0.0,0.0,,0.3405,Musical similarity,158.824-183.824,yes,,
guide,literal,semantic,2,Behind the door,New old world order,0.3399,0.0,0.0,,0.3399,Musical similarity,112.5-137.5,yes,,
guide,literal,semantic,3,Thanks to my gipsy roots,I just can't say Farewell,0.3357,0.0,0.0,,0.3357,Musical similarity,12.5-37.5,yes,,
guide,literal,semantic,4,Pegasus,I just can't say Farewell,0.335,0.0,0.0,,0.335,Musical similarity,37.5-62.5,yes,,
guide,literal,semantic,5,The Guide Girl,"Once Upon a Tale, Pt.2",0.3211,0.0,0.0,,0.3211,Musical similarity,87.5-112.5,yes,,
guide,literal,semantic,6,Awekening of the humankind,Experimenting on her own,0.315,0.0,0.0,,0.315,Musical similarity,0.0-25.0,yes,,
guide,literal,semantic,7,Healing Wind,The pathmaker,0.3073,0.0,0.0,,0.3073,Musical similarity,0.0-25.0,yes,,
guide,literal,semantic,8,Quest for Avalon,9,0.3046,0.0,0.0,,0.3046,Musical similarity,375.0-400.0,yes,,
guide,literal,hybrid,1,The Guide Girl,"Once Upon a Tale, Pt.2",0.3211,0.8,0.0,all_tokens_title,1.8842,Title match + Strong musical match,87.5-112.5,yes,,
guide,literal,hybrid,2,What Now?,Black & White,0.3405,0.0,0.0,,0.35,Strong musical match,158.824-183.824,no,,
guide,literal,hybrid,3,Behind the door,New old world order,0.3399,0.0,0.0,,0.3481,Strong musical match,112.5-137.5,no,,
guide,literal,hybrid,4,Thanks to my gipsy roots,I just can't say Farewell,0.3357,0.0,0.0,,0.3336,Strong musical match,12.5-37.5,no,,
guide,literal,hybrid,5,Pegasus,I just can't say Farewell,0.335,0.0,0.0,,0.3312,Strong musical match,37.5-62.5,no,,
guide,literal,hybrid,6,Awekening of the humankind,Experimenting on her own,0.315,0.0,0.0,,0.2633,Strong musical match,0.0-25.0,no,,
guide,literal,hybrid,7,Healing Wind,The pathmaker,0.3073,0.0,0.0,,0.2373,Musical similarity,0.0-25.0,no,,
guide,literal,hybrid,8,Quest for Avalon,9,0.3046,0.0,0.0,,0.228,Musical similarity,375.0-400.0,no,,
the guide girl,literal,semantic,1,What Now?,Black & White,0.3862,0.0,0.0,,0.3862,Musical similarity,158.824-183.824,yes,,
the guide girl,literal,semantic,2,Pegasus,I just can't say Farewell,0.3686,0.0,0.0,,0.3686,Musical similarity,37.5-62.5,yes,,
the guide girl,literal,semantic,3,The Guide Girl,"Once Upon a Tale, Pt.2",0.3628,0.0,0.0,,0.3628,Musical similarity,87.5-112.5,yes,,
the guide girl,literal,semantic,4,Behind the door,New old world order,0.3528,0.0,0.0,,0.3528,Musical similarity,112.5-137.5,yes,,
the guide girl,literal,semantic,5,Re-encarnación,I just can't say Farewell,0.3309,0.0,0.0,,0.3309,Musical similarity,187.5-212.5,yes,,
the guide girl,literal,semantic,6,Fall of the angel,Experimenting on her own,0.3276,0.0,0.0,,0.3276,Musical similarity,121.035-146.035,yes,,
the guide girl,literal,semantic,7,Dark Blue Horizon,I just can't say Farewell,0.3263,0.0,0.0,,0.3263,Musical similarity,241.401-266.401,yes,,
the guide girl,literal,semantic,8,Salute Yo'king,"Once Upon a Tale, Pt.2",0.3188,0.0,0.0,,0.3188,Musical similarity,100.0-125.0,yes,,
the guide girl,literal,hybrid,1,The Guide Girl,"Once Upon a Tale, Pt.2",0.3628,1.0,0.0,exact_title,2.2819,Exact title match + Strong musical match,87.5-112.5,yes,,
the guide girl,literal,hybrid,2,What Now?,Black & White,0.3862,0.0,0.0,,0.35,Strong musical match,158.824-183.824,no,,
the guide girl,literal,hybrid,3,Pegasus,I just can't say Farewell,0.3686,0.0,0.0,,0.2987,Strong musical match,37.5-62.5,no,,
the guide girl,literal,hybrid,4,Behind the door,New old world order,0.3528,0.0,0.0,,0.2527,Musical similarity,112.5-137.5,no,,
the guide girl,literal,hybrid,5,Re-encarnación,I just can't say Farewell,0.3309,0.0,0.0,,0.1889,Musical similarity,187.5-212.5,no,,
the guide girl,literal,hybrid,6,Fall of the angel,Experimenting on her own,0.3276,0.0,0.0,,0.1793,Musical similarity,121.035-146.035,no,,
the guide girl,literal,hybrid,7,Dark Blue Horizon,I just can't say Farewell,0.3263,0.0,0.0,,0.1758,Musical similarity,241.401-266.401,no,,
the guide girl,literal,hybrid,8,Salute Yo'king,"Once Upon a Tale, Pt.2",0.3188,0.0,0.0,,0.1539,Musical similarity,100.0-125.0,no,,
guide girl,literal,semantic,1,What Now?,Black & White,0.3759,0.0,0.0,,0.3759,Musical similarity,25.0-50.0,yes,,
guide girl,literal,semantic,2,Pegasus,I just can't say Farewell,0.362,0.0,0.0,,0.362,Musical similarity,37.5-62.5,yes,,
guide girl,literal,semantic,3,Awekening of the humankind,Experimenting on her own,0.3579,0.0,0.0,,0.3579,Musical similarity,0.0-25.0,yes,,
guide girl,literal,semantic,4,Behind the door,New old world order,0.3563,0.0,0.0,,0.3563,Musical similarity,112.5-137.5,yes,,
guide girl,literal,semantic,5,The Guide Girl,"Once Upon a Tale, Pt.2",0.3379,0.0,0.0,,0.3379,Musical similarity,75.0-100.0,yes,,
guide girl,literal,semantic,6,Fall of the angel,Experimenting on her own,0.3155,0.0,0.0,,0.3155,Musical similarity,121.035-146.035,yes,,
guide girl,literal,semantic,7,Thanks to my gipsy roots,I just can't say Farewell,0.3083,0.0,0.0,,0.3083,Musical similarity,12.5-37.5,yes,,
guide girl,literal,semantic,8,Returning home,The pathmaker,0.301,0.0,0.0,,0.301,Musical similarity,0.0-25.0,yes,,
guide girl,literal,hybrid,1,The Guide Girl,"Once Upon a Tale, Pt.2",0.3379,0.8,0.0,all_tokens_title,1.8767,Title match + Strong musical match,75.0-100.0,yes,,
guide girl,literal,hybrid,2,What Now?,Black & White,0.3759,0.0,0.0,,0.35,Strong musical match,25.0-50.0,no,,
guide girl,literal,hybrid,3,Pegasus,I just can't say Farewell,0.362,0.0,0.0,,0.3231,Strong musical match,37.5-62.5,no,,
guide girl,literal,hybrid,4,Awekening of the humankind,Experimenting on her own,0.3579,0.0,0.0,,0.3152,Strong musical match,0.0-25.0,no,,
guide girl,literal,hybrid,5,Behind the door,New old world order,0.3563,0.0,0.0,,0.3122,Strong musical match,112.5-137.5,no,,
guide girl,literal,hybrid,6,Fall of the angel,Experimenting on her own,0.3155,0.0,0.0,,0.2336,Musical similarity,121.035-146.035,no,,
guide girl,literal,hybrid,7,Thanks to my gipsy roots,I just can't say Farewell,0.3083,0.0,0.0,,0.2197,Musical similarity,12.5-37.5,no,,
guide girl,literal,hybrid,8,Returning home,The pathmaker,0.301,0.0,0.0,,0.2056,Musical similarity,0.0-25.0,no,,
avalon,literal,semantic,1,A night at the tavern,Reunion's tavern,0.4276,0.0,0.0,,0.4276,Musical similarity,50.0-75.0,yes,,
avalon,literal,semantic,2,Classical is so metal,Experimenting on her own,0.4094,0.0,0.0,,0.4094,Musical similarity,0.0-25.0,yes,,
avalon,literal,semantic,3,Riding Oriental Winds,Dragon Rage,0.375,0.0,0.0,,0.375,Musical similarity,0.0-25.0,yes,,
avalon,literal,semantic,4,Healing Wind,The pathmaker,0.3477,0.0,0.0,,0.3477,Musical similarity,12.5-37.5,yes,,
avalon,literal,semantic,5,Whisper a Lie to Me,Black & White,0.3396,0.0,0.0,,0.3396,Musical similarity,225.0-250.0,yes,,
avalon,literal,semantic,6,Quest for Avalon,9,0.3379,0.0,0.0,,0.3379,Musical similarity,487.5-512.5,yes,,
avalon,literal,semantic,7,Iberian fields,9,0.3264,0.0,0.0,,0.3264,Musical similarity,12.5-37.5,yes,,
avalon,literal,semantic,8,Thanks to my gipsy roots,I just can't say Farewell,0.3217,0.0,0.0,,0.3217,Musical similarity,0.0-25.0,yes,,
avalon,literal,hybrid,1,Quest for Avalon,9,0.3379,0.8,0.0,all_tokens_title,1.7988,Title match,487.5-512.5,yes,,
avalon,literal,hybrid,2,A night at the tavern,Reunion's tavern,0.4276,0.0,0.0,,0.35,Strong musical match,50.0-75.0,no,,
avalon,literal,hybrid,3,Classical is so metal,Experimenting on her own,0.4094,0.0,0.0,,0.3193,Strong musical match,0.0-25.0,no,,
avalon,literal,hybrid,4,Riding Oriental Winds,Dragon Rage,0.375,0.0,0.0,,0.2614,Musical similarity,0.0-25.0,no,,
avalon,literal,hybrid,5,Healing Wind,The pathmaker,0.3477,0.0,0.0,,0.2155,Musical similarity,12.5-37.5,no,,
avalon,literal,hybrid,6,Whisper a Lie to Me,Black & White,0.3396,0.0,0.0,,0.2018,Musical similarity,225.0-250.0,no,,
avalon,literal,hybrid,7,Iberian fields,9,0.3264,0.0,0.0,,0.1795,Musical similarity,12.5-37.5,no,,
avalon,literal,hybrid,8,Thanks to my gipsy roots,I just can't say Farewell,0.3217,0.0,0.0,,0.1717,Musical similarity,0.0-25.0,no,,
edge,literal,semantic,1,The dark side,"Once Upon a Tale, Pt.2",0.4405,0.0,0.0,,0.4405,Musical similarity,75.0-100.0,yes,,
edge,literal,semantic,2,Wardrums on a saturday night,Experimenting on her own,0.3802,0.0,0.0,,0.3802,Musical similarity,12.5-37.5,yes,,
edge,literal,semantic,3,The Guide Girl,"Once Upon a Tale, Pt.2",0.3728,0.0,0.0,,0.3728,Musical similarity,87.5-112.5,yes,,
edge,literal,semantic,4,Back cover (massive),Dawn in Istoccar,0.3029,0.0,0.0,,0.3029,Musical similarity,0.0-25.0,yes,,
edge,literal,semantic,5,What Now?,Black & White,0.3021,0.0,0.0,,0.3021,Musical similarity,158.824-183.824,yes,,
edge,literal,semantic,6,Wounded,The pathmaker,0.2922,0.0,0.0,,0.2922,Musical similarity,25.0-50.0,yes,,
edge,literal,semantic,7,Returning home,The pathmaker,0.2914,0.0,0.0,,0.2914,Musical similarity,37.5-62.5,yes,,
edge,literal,semantic,8,Mind Without Frontiers,Black & White,0.2905,0.0,0.0,,0.2905,Musical similarity,62.5-87.5,yes,,
edge,literal,hybrid,1,The edge of the unknown,9,0.2083,0.8,0.0,all_tokens_title,1.6005,Title match,0.0-25.0,yes,,
edge,literal,hybrid,2,The dark side,"Once Upon a Tale, Pt.2",0.4405,0.0,0.0,,0.35,Strong musical match,75.0-100.0,no,,
edge,literal,hybrid,3,Wardrums on a saturday night,Experimenting on her own,0.3802,0.0,0.0,,0.2592,Musical similarity,12.5-37.5,no,,
edge,literal,hybrid,4,The Guide Girl,"Once Upon a Tale, Pt.2",0.3728,0.0,0.0,,0.2481,Musical similarity,87.5-112.5,no,,
edge,literal,hybrid,5,Back cover (massive),Dawn in Istoccar,0.3029,0.0,0.0,,0.1429,Musical similarity,0.0-25.0,no,,
edge,literal,hybrid,6,What Now?,Black & White,0.3021,0.0,0.0,,0.1416,Musical similarity,158.824-183.824,no,,
edge,literal,hybrid,7,Wounded,The pathmaker,0.2922,0.0,0.0,,0.1267,Musical similarity,25.0-50.0,no,,
edge,literal,hybrid,8,Returning home,The pathmaker,0.2914,0.0,0.0,,0.1255,Musical similarity,37.5-62.5,no,,
believe,literal,semantic,1,Behind the door,New old world order,0.3951,0.0,0.0,,0.3951,Musical similarity,87.5-112.5,yes,,
believe,literal,semantic,2,What Now?,Black & White,0.3868,0.0,0.0,,0.3868,Musical similarity,158.824-183.824,yes,,
believe,literal,semantic,3,The Guide Girl,"Once Upon a Tale, Pt.2",0.3624,0.0,0.0,,0.3624,Musical similarity,75.0-100.0,yes,,
believe,literal,semantic,4,Pegasus,I just can't say Farewell,0.3533,0.0,0.0,,0.3533,Musical similarity,37.5-62.5,yes,,
believe,literal,semantic,5,Returning home,The pathmaker,0.3432,0.0,0.0,,0.3432,Musical similarity,37.5-62.5,yes,,
believe,literal,semantic,6,Epic western,Experimenting on her own,0.3172,0.0,0.0,,0.3172,Musical similarity,62.5-87.5,yes,,
believe,literal,semantic,7,Back cover (massive),Dawn in Istoccar,0.301,0.0,0.0,,0.301,Musical similarity,0.0-25.0,yes,,
believe,literal,semantic,8,Believe,I just can't say Farewell,0.2992,0.0,0.0,,0.2992,Musical similarity,12.5-37.5,yes,,
believe,literal,hybrid,1,Believe,"Feel, Believe, Live",0.1093,1.0,0.6,exact_title,2.27,Exact title match,0.0-25.0,yes,,
believe,literal,hybrid,2,Behind the door,New old world order,0.3951,0.0,0.0,,0.35,Strong musical match,87.5-112.5,no,,
believe,literal,hybrid,3,What Now?,Black & White,0.3868,0.0,0.0,,0.3399,Strong musical match,158.824-183.824,no,,
believe,literal,hybrid,4,The Guide Girl,"Once Upon a Tale, Pt.2",0.3624,0.0,0.0,,0.31,Strong musical match,75.0-100.0,no,,
believe,literal,hybrid,5,Pegasus,I just can't say Farewell,0.3533,0.0,0.0,,0.2989,Strong musical match,37.5-62.5,no,,
believe,literal,hybrid,6,Returning home,The pathmaker,0.3432,0.0,0.0,,0.2865,Strong musical match,37.5-62.5,no,,
believe,literal,hybrid,7,Feel,"Feel, Believe, Live",0.1124,0.0,0.6,all_tokens_album,0.2738,Album match,37.5-62.5,no,,
believe,literal,hybrid,8,Live,"Feel, Believe, Live",0.1111,0.0,0.6,all_tokens_album,0.2723,Album match,87.5-112.5,no,,
live,literal,semantic,1,Awekening of the humankind,Experimenting on her own,0.2648,0.0,0.0,,0.2648,Musical similarity,62.5-87.5,yes,,
live,literal,semantic,2,The Guide Girl,"Once Upon a Tale, Pt.2",0.2621,0.0,0.0,,0.2621,Musical similarity,37.5-62.5,yes,,
live,literal,semantic,3,Thanks to my gipsy roots,I just can't say Farewell,0.2546,0.0,0.0,,0.2546,Musical similarity,87.5-112.5,yes,,
live,literal,semantic,4,Alone In the Crowd,Black & White,0.2453,0.0,0.0,,0.2453,Musical similarity,50.0-75.0,yes,,
live,literal,semantic,5,A night at the tavern,Reunion's tavern,0.2443,0.0,0.0,,0.2443,Musical similarity,25.0-50.0,yes,,
live,literal,semantic,6,Classical is so metal,Experimenting on her own,0.2403,0.0,0.0,,0.2403,Musical similarity,25.0-50.0,yes,,
live,literal,semantic,7,Live,I just can't say Farewell,0.2338,0.0,0.0,,0.2338,Musical similarity,0.0-25.0,yes,,
live,literal,semantic,8,Iberian fields,9,0.2334,0.0,0.0,,0.2334,Musical similarity,0.0-25.0,yes,,
live,literal,hybrid,1,Live,"Feel, Believe, Live",0.2167,1.0,0.6,exact_title,2.4856,Exact title match,0.0-25.0,yes,,
live,literal,hybrid,2,Whisper a Lie to Me,Black & White,0.2187,0.3429,0.0,fuzzy_title,0.564,Similar title,12.5-37.5,no,,
live,literal,hybrid,3,Awekening of the humankind,Experimenting on her own,0.2648,0.0,0.0,,0.35,Strong musical match,62.5-87.5,no,,
live,literal,hybrid,4,The Guide Girl,"Once Upon a Tale, Pt.2",0.2621,0.0,0.0,,0.3424,Strong musical match,37.5-62.5,no,,
live,literal,hybrid,5,Thanks to my gipsy roots,I just can't say Farewell,0.2546,0.0,0.0,,0.3214,Strong musical match,87.5-112.5,no,,
live,literal,hybrid,6,Alone In the Crowd,Black & White,0.2453,0.0,0.0,,0.2955,Strong musical match,50.0-75.0,no,,
live,literal,hybrid,7,A night at the tavern,Reunion's tavern,0.2443,0.0,0.0,,0.2927,Strong musical match,25.0-50.0,no,,
live,literal,hybrid,8,Feel,"Feel, Believe, Live",0.1448,0.0,0.6,all_tokens_album,0.2845,Album match,121.001-146.001,no,,
dragon,literal,semantic,1,A night at the tavern,Reunion's tavern,0.423,0.0,0.0,,0.423,Musical similarity,25.0-50.0,yes,,
dragon,literal,semantic,2,Classical is so metal,Experimenting on her own,0.4111,0.0,0.0,,0.4111,Musical similarity,25.0-50.0,yes,,
dragon,literal,semantic,3,Light Awaits,I just can't say Farewell,0.4105,0.0,0.0,,0.4105,Musical similarity,125.0-150.0,yes,,
dragon,literal,semantic,4,Fall of the angel,Experimenting on her own,0.3885,0.0,0.0,,0.3885,Musical similarity,75.0-100.0,yes,,
dragon,literal,semantic,5,Quest for Avalon,9,0.3805,0.0,0.0,,0.3805,Musical similarity,462.5-487.5,yes,,
dragon,literal,semantic,6,Live,I just can't say Farewell,0.379,0.0,0.0,,0.379,Musical similarity,0.0-25.0,yes,,
dragon,literal,semantic,7,Astral door,The pathmaker,0.3718,0.0,0.0,,0.3718,Musical similarity,112.5-137.5,yes,,
dragon,literal,semantic,8,Salute Yo'king,"Once Upon a Tale, Pt.2",0.3695,0.0,0.0,,0.3695,Musical similarity,100.0-125.0,yes,,
dragon,literal,hybrid,1,Dragon Rage,Dragon Rage,0.1777,0.86,0.6,prefix_title,2.0414,Title match,50.0-75.0,yes,,
dragon,literal,hybrid,2,Dragon revenge,Never without The Bards,0.241,0.86,0.0,prefix_title,1.8485,Title match,12.5-37.5,yes,,
dragon,literal,hybrid,3,Valley of the dragons,"Once Upon a Tale, Pt.1",0.328,0.5,0.0,substring_title,0.7343,Partial title match,127.001-152.001,no,,
dragon,literal,hybrid,4,Riding Oriental Winds,Dragon Rage,0.3253,0.0,0.6,all_tokens_album,0.5011,Album match,0.0-25.0,no,,
dragon,literal,hybrid,5,Dracones Venandi,Dragon Rage,0.2059,0.0,0.6,all_tokens_album,0.3557,Album match,12.5-37.5,no,,
dragon,literal,hybrid,6,A night at the tavern,Reunion's tavern,0.423,0.0,0.0,,0.35,Strong musical match,25.0-50.0,no,,
dragon,literal,hybrid,7,Classical is so metal,Experimenting on her own,0.4111,0.0,0.0,,0.3355,Strong musical match,25.0-50.0,no,,
dragon,literal,hybrid,8,Light Awaits,I just can't say Farewell,0.4105,0.0,0.0,,0.3347,Strong musical match,125.0-150.0,no,,
dragon rage,literal,semantic,1,A night at the tavern,Reunion's tavern,0.5168,0.0,0.0,,0.5168,Musical similarity,25.0-50.0,yes,,
dragon rage,literal,semantic,2,Quest for Avalon,9,0.4898,0.0,0.0,,0.4898,Musical similarity,387.5-412.5,yes,,
dragon rage,literal,semantic,3,Salute Yo'king,"Once Upon a Tale, Pt.2",0.4895,0.0,0.0,,0.4895,Musical similarity,112.5-137.5,yes,,
dragon rage,literal,semantic,4,Classical is so metal,Experimenting on her own,0.4807,0.0,0.0,,0.4807,Musical similarity,25.0-50.0,yes,,
dragon rage,literal,semantic,5,Dark Blue Horizon,I just can't say Farewell,0.4776,0.0,0.0,,0.4776,Musical similarity,237.5-262.5,yes,,
dragon rage,literal,semantic,6,Epic western,Experimenting on her own,0.4729,0.0,0.0,,0.4729,Musical similarity,112.5-137.5,yes,,
dragon rage,literal,semantic,7,Fall of the angel,Experimenting on her own,0.4562,0.0,0.0,,0.4562,Musical similarity,75.0-100.0,yes,,
dragon rage,literal,semantic,8,Be a three X,"Once Upon a Tale, Pt.2",0.4527,0.0,0.0,,0.4527,Musical similarity,0.0-25.0,yes,,
dragon rage,literal,hybrid,1,Dragon Rage,Dragon Rage,0.1799,1.0,0.7,exact_title,2.3611,Exact title match,139.0-164.0,yes,,
dragon rage,literal,hybrid,2,Riding Oriental Winds,Dragon Rage,0.4049,0.0,0.7,exact_album,0.5641,Album match,0.0-25.0,no,,
dragon rage,literal,hybrid,3,Dracones Venandi,Dragon Rage,0.2663,0.0,0.7,exact_album,0.4391,Album match,12.5-37.5,no,,
dragon rage,literal,hybrid,4,Wind in My Wings,Dragon Rage,0.2456,0.0,0.7,exact_album,0.4204,Album match,0.0-25.0,no,,
dragon rage,literal,hybrid,5,The Night Glides,Dragon Rage,0.2021,0.0,0.7,exact_album,0.3812,Album match,175.0-200.0,no,,
dragon rage,literal,hybrid,6,Flying Through Clouds,Dragon Rage,0.1807,0.0,0.7,exact_album,0.3618,Album match,137.5-162.5,no,,
dragon rage,literal,hybrid,7,Drakonian Warcry,Dragon Rage,0.1752,0.0,0.7,exact_album,0.3569,Album match,168.286-193.286,no,,
dragon rage,literal,hybrid,8,A night at the tavern,Reunion's tavern,0.5168,0.0,0.0,,0.35,Strong musical match,25.0-50.0,no,,
quest for avalon,literal,semantic,1,Classical is so metal,Experimenting on her own,0.3431,0.0,0.0,,0.3431,Musical similarity,0.0-25.0,yes,,
quest for avalon,literal,semantic,2,Thanks to my gipsy roots,I just can't say Farewell,0.2978,0.0,0.0,,0.2978,Musical similarity,87.5-112.5,yes,,
quest for avalon,literal,semantic,3,A night at the tavern,Reunion's tavern,0.2956,0.0,0.0,,0.2956,Musical similarity,25.0-50.0,yes,,
quest for avalon,literal,semantic,4,Iberian fields,9,0.2826,0.0,0.0,,0.2826,Musical similarity,0.0-25.0,yes,,
quest for avalon,literal,semantic,5,Live,I just can't say Farewell,0.2797,0.0,0.0,,0.2797,Musical similarity,0.0-25.0,yes,,
quest for avalon,literal,semantic,6,Quest for Avalon,9,0.2763,0.0,0.0,,0.2763,Musical similarity,487.5-512.5,yes,,
quest for avalon,literal,semantic,7,Healing Wind,The pathmaker,0.2593,0.0,0.0,,0.2593,Musical similarity,0.0-25.0,yes,,
quest for avalon,literal,semantic,8,Re-encarnación,I just can't say Farewell,0.2555,0.0,0.0,,0.2555,Musical similarity,12.5-37.5,yes,,
quest for avalon,literal,hybrid,1,Quest for Avalon,9,0.2763,1.0,0.0,exact_title,2.2186,Exact title match,487.5-512.5,yes,,
quest for avalon,literal,hybrid,2,Classical is so metal,Experimenting on her own,0.3431,0.0,0.0,,0.35,Strong musical match,0.0-25.0,no,,
quest for avalon,literal,hybrid,3,Thanks to my gipsy roots,I just can't say Farewell,0.2978,0.0,0.0,,0.261,Musical similarity,87.5-112.5,no,,
quest for avalon,literal,hybrid,4,A night at the tavern,Reunion's tavern,0.2956,0.0,0.0,,0.2566,Musical similarity,25.0-50.0,no,,
quest for avalon,literal,hybrid,5,Iberian fields,9,0.2826,0.0,0.0,,0.2309,Musical similarity,0.0-25.0,no,,
quest for avalon,literal,hybrid,6,Live,I just can't say Farewell,0.2797,0.0,0.0,,0.2253,Musical similarity,0.0-25.0,no,,
quest for avalon,literal,hybrid,7,Healing Wind,The pathmaker,0.2593,0.0,0.0,,0.1852,Musical similarity,0.0-25.0,no,,
quest for avalon,literal,hybrid,8,Re-encarnación,I just can't say Farewell,0.2555,0.0,0.0,,0.1777,Musical similarity,12.5-37.5,no,,
pegasus,literal,semantic,1,Light Awaits,I just can't say Farewell,0.3702,0.0,0.0,,0.3702,Musical similarity,100.0-125.0,yes,,
pegasus,literal,semantic,2,Thanks to my gipsy roots,I just can't say Farewell,0.3488,0.0,0.0,,0.3488,Musical similarity,0.0-25.0,yes,,
pegasus,literal,semantic,3,Classical is so metal,Experimenting on her own,0.326,0.0,0.0,,0.326,Musical similarity,0.0-25.0,yes,,
pegasus,literal,semantic,4,Ascension of a demon,Experimenting on her own,0.3161,0.0,0.0,,0.3161,Musical similarity,0.0-25.0,yes,,
pegasus,literal,semantic,5,Nocturnal fierce sea,"Once Upon a Tale, Pt.2",0.3146,0.0,0.0,,0.3146,Musical similarity,100.0-125.0,yes,,
pegasus,literal,semantic,6,Fall of the angel,Experimenting on her own,0.3145,0.0,0.0,,0.3145,Musical similarity,75.0-100.0,yes,,
pegasus,literal,semantic,7,A night at the tavern,Reunion's tavern,0.3108,0.0,0.0,,0.3108,Musical similarity,12.5-37.5,yes,,
pegasus,literal,semantic,8,What I Carry With Me,Black & White,0.2886,0.0,0.0,,0.2886,Musical similarity,169.667-194.667,yes,,
pegasus,literal,hybrid,1,Pegasus,I just can't say Farewell,0.2314,1.0,0.0,exact_title,2.0276,Exact title match,75.0-100.0,yes,,
pegasus,literal,hybrid,2,Light Awaits,I just can't say Farewell,0.3702,0.0,0.0,,0.35,Strong musical match,100.0-125.0,no,,
pegasus,literal,hybrid,3,Thanks to my gipsy roots,I just can't say Farewell,0.3488,0.0,0.0,,0.3002,Strong musical match,0.0-25.0,no,,
pegasus,literal,hybrid,4,Classical is so metal,Experimenting on her own,0.326,0.0,0.0,,0.2472,Musical similarity,0.0-25.0,no,,
pegasus,literal,hybrid,5,Ascension of a demon,Experimenting on her own,0.3161,0.0,0.0,,0.2242,Musical similarity,0.0-25.0,no,,
pegasus,literal,hybrid,6,Nocturnal fierce sea,"Once Upon a Tale, Pt.2",0.3146,0.0,0.0,,0.2208,Musical similarity,100.0-125.0,no,,
pegasus,literal,hybrid,7,Fall of the angel,Experimenting on her own,0.3145,0.0,0.0,,0.2206,Musical similarity,75.0-100.0,no,,
pegasus,literal,hybrid,8,A night at the tavern,Reunion's tavern,0.3108,0.0,0.0,,0.2119,Musical similarity,12.5-37.5,no,,
soft medieval flute,semantic,semantic,1,Pegasus,I just can't say Farewell,0.3916,0.0,0.0,,0.3916,Musical similarity,25.0-50.0,yes,,
soft medieval flute,semantic,semantic,2,Live,"Feel, Believe, Live",0.3816,0.0,0.0,,0.3816,Musical similarity,0.0-25.0,yes,,
soft medieval flute,semantic,semantic,3,Red Belt,Dawn in Istoccar,0.3765,0.0,0.0,,0.3765,Musical similarity,0.0-25.0,yes,,
soft medieval flute,semantic,semantic,4,The right side of an orange,I just can't say Farewell,0.3701,0.0,0.0,,0.3701,Musical similarity,62.5-87.5,yes,,
soft medieval flute,semantic,semantic,5,Behind the door,New old world order,0.3313,0.0,0.0,,0.3313,Musical similarity,25.0-50.0,yes,,
soft medieval flute,semantic,semantic,6,What Now?,Black & White,0.3121,0.0,0.0,,0.3121,Musical similarity,150.0-175.0,yes,,
soft medieval flute,semantic,semantic,7,The reason,"Once Upon a Tale, Pt.1",0.2912,0.0,0.0,,0.2912,Musical similarity,150.0-175.0,yes,,
soft medieval flute,semantic,semantic,8,Ancient Ritual,Never without The Bards,0.2906,0.0,0.0,,0.2906,Musical similarity,0.0-25.0,yes,,
soft medieval flute,semantic,hybrid,1,Pegasus,I just can't say Farewell,0.3916,0.0,0.0,,0.75,Strong musical match,25.0-50.0,yes,,
soft medieval flute,semantic,hybrid,2,Live,"Feel, Believe, Live",0.3816,0.0,0.0,,0.7144,Strong musical match,0.0-25.0,yes,,
soft medieval flute,semantic,hybrid,3,Red Belt,Dawn in Istoccar,0.3765,0.0,0.0,,0.6961,Strong musical match,0.0-25.0,yes,,
soft medieval flute,semantic,hybrid,4,The right side of an orange,I just can't say Farewell,0.3701,0.0,0.0,,0.6731,Strong musical match,62.5-87.5,yes,,
soft medieval flute,semantic,hybrid,5,Behind the door,New old world order,0.3313,0.0,0.0,,0.5341,Musical similarity,25.0-50.0,yes,,
soft medieval flute,semantic,hybrid,6,What Now?,Black & White,0.3121,0.0,0.0,,0.4655,Musical similarity,150.0-175.0,yes,,
soft medieval flute,semantic,hybrid,7,The reason,"Once Upon a Tale, Pt.1",0.2912,0.0,0.0,,0.3905,Musical similarity,150.0-175.0,no,,
soft medieval flute,semantic,hybrid,8,Ancient Ritual,Never without The Bards,0.2906,0.0,0.0,,0.3884,Musical similarity,0.0-25.0,no,,
dark but peaceful,semantic,semantic,1,First Flight (Leaving the Nest),Dragon Rage,0.3965,0.0,0.0,,0.3965,Musical similarity,237.5-262.5,yes,,
dark but peaceful,semantic,semantic,2,Quest for Avalon,9,0.3823,0.0,0.0,,0.3823,Musical similarity,25.0-50.0,yes,,
dark but peaceful,semantic,semantic,3,Hic sunt dracones,The pathmaker,0.3365,0.0,0.0,,0.3365,Musical similarity,0.0-25.0,yes,,
dark but peaceful,semantic,semantic,4,Raven lullaby,The pathmaker,0.325,0.0,0.0,,0.325,Musical similarity,0.0-25.0,yes,,
dark but peaceful,semantic,semantic,5,Believe,"Feel, Believe, Live",0.2829,0.0,0.0,,0.2829,Musical similarity,87.5-112.5,yes,,
dark but peaceful,semantic,semantic,6,The cry of the elves,"Once Upon a Tale, Pt.1",0.2735,0.0,0.0,,0.2735,Musical similarity,156.334-181.334,yes,,
dark but peaceful,semantic,semantic,7,Misunderstood Tales,Black & White,0.2659,0.0,0.0,,0.2659,Musical similarity,0.0-25.0,yes,,
dark but peaceful,semantic,semantic,8,Land of No Return,Black & White,0.2553,0.0,0.0,,0.2553,Musical similarity,0.0-25.0,yes,,
dark but peaceful,semantic,hybrid,1,First Flight (Leaving the Nest),Dragon Rage,0.3965,0.0,0.0,,0.75,Strong musical match,237.5-262.5,yes,,
dark but peaceful,semantic,hybrid,2,Quest for Avalon,9,0.3823,0.0,0.0,,0.7064,Strong musical match,25.0-50.0,yes,,
dark but peaceful,semantic,hybrid,3,Hic sunt dracones,The pathmaker,0.3365,0.0,0.0,,0.5658,Strong musical match,0.0-25.0,yes,,
dark but peaceful,semantic,hybrid,4,Raven lullaby,The pathmaker,0.325,0.0,0.0,,0.5306,Musical similarity,0.0-25.0,yes,,
dark but peaceful,semantic,hybrid,5,Believe,"Feel, Believe, Live",0.2829,0.0,0.0,,0.4014,Musical similarity,87.5-112.5,no,,
dark but peaceful,semantic,hybrid,6,The cry of the elves,"Once Upon a Tale, Pt.1",0.2735,0.0,0.0,,0.3726,Musical similarity,156.334-181.334,no,,
dark but peaceful,semantic,hybrid,7,Misunderstood Tales,Black & White,0.2659,0.0,0.0,,0.3493,Musical similarity,0.0-25.0,no,,
dark but peaceful,semantic,hybrid,8,Land of No Return,Black & White,0.2553,0.0,0.0,,0.3166,Musical similarity,0.0-25.0,no,,
music for exploring ancient ruins,semantic,semantic,1,Be a three X,"Once Upon a Tale, Pt.2",0.5527,0.0,0.0,,0.5527,Musical similarity,0.0-25.0,yes,,
music for exploring ancient ruins,semantic,semantic,2,Live,I just can't say Farewell,0.5346,0.0,0.0,,0.5346,Musical similarity,100.0-125.0,yes,,
music for exploring ancient ruins,semantic,semantic,3,Misunderstood Tales,Black & White,0.5342,0.0,0.0,,0.5342,Musical similarity,25.0-50.0,yes,,
music for exploring ancient ruins,semantic,semantic,4,Ivory Castle,"Once Upon a Tale, Pt.1",0.528,0.0,0.0,,0.528,Musical similarity,87.5-112.5,yes,,
music for exploring ancient ruins,semantic,semantic,5,Dark Blue Horizon,I just can't say Farewell,0.5044,0.0,0.0,,0.5044,Musical similarity,225.0-250.0,yes,,
music for exploring ancient ruins,semantic,semantic,6,Quest for Avalon,9,0.4932,0.0,0.0,,0.4932,Musical similarity,387.5-412.5,yes,,
music for exploring ancient ruins,semantic,semantic,7,Awekening of the humankind,Experimenting on her own,0.473,0.0,0.0,,0.473,Musical similarity,112.5-137.5,yes,,
music for exploring ancient ruins,semantic,semantic,8,Classical is so metal,Experimenting on her own,0.4646,0.0,0.0,,0.4646,Musical similarity,25.0-50.0,yes,,
music for exploring ancient ruins,semantic,hybrid,1,Be a three X,"Once Upon a Tale, Pt.2",0.5527,0.0,0.0,,1.0,Strong musical match,0.0-25.0,yes,,
music for exploring ancient ruins,semantic,hybrid,2,Live,I just can't say Farewell,0.5346,0.0,0.0,,0.8965,Strong musical match,100.0-125.0,yes,,
music for exploring ancient ruins,semantic,hybrid,3,Misunderstood Tales,Black & White,0.5342,0.0,0.0,,0.8943,Strong musical match,25.0-50.0,yes,,
music for exploring ancient ruins,semantic,hybrid,4,Ivory Castle,"Once Upon a Tale, Pt.1",0.528,0.0,0.0,,0.8586,Strong musical match,87.5-112.5,yes,,
music for exploring ancient ruins,semantic,hybrid,5,Dark Blue Horizon,I just can't say Farewell,0.5044,0.0,0.0,,0.7243,Musical similarity,225.0-250.0,yes,,
music for exploring ancient ruins,semantic,hybrid,6,Quest for Avalon,9,0.4932,0.0,0.0,,0.6601,Musical similarity,387.5-412.5,yes,,
music for exploring ancient ruins,semantic,hybrid,7,Awekening of the humankind,Experimenting on her own,0.473,0.0,0.0,,0.545,Musical similarity,112.5-137.5,no,,
music for exploring ancient ruins,semantic,hybrid,8,Classical is so metal,Experimenting on her own,0.4646,0.0,0.0,,0.497,Musical similarity,25.0-50.0,no,,
heroic but reflective,semantic,semantic,1,Re-encarnación,I just can't say Farewell,0.4008,0.0,0.0,,0.4008,Musical similarity,175.0-200.0,yes,,
heroic but reflective,semantic,semantic,2,The reason,"Once Upon a Tale, Pt.1",0.3993,0.0,0.0,,0.3993,Musical similarity,62.5-87.5,yes,,
heroic but reflective,semantic,semantic,3,Land of No Return,Black & White,0.3989,0.0,0.0,,0.3989,Musical similarity,212.5-237.5,yes,,
heroic but reflective,semantic,semantic,4,Live,I just can't say Farewell,0.392,0.0,0.0,,0.392,Musical similarity,12.5-37.5,yes,,
heroic but reflective,semantic,semantic,5,Awekening of the humankind,Experimenting on her own,0.3843,0.0,0.0,,0.3843,Musical similarity,212.5-237.5,yes,,
heroic but reflective,semantic,semantic,6,The distant island,"Once Upon a Tale, Pt.2",0.3782,0.0,0.0,,0.3782,Musical similarity,125.0-150.0,yes,,
heroic but reflective,semantic,semantic,7,Pegasus,I just can't say Farewell,0.3751,0.0,0.0,,0.3751,Musical similarity,137.5-162.5,yes,,
heroic but reflective,semantic,semantic,8,Let the Wolf Out,Black & White,0.3559,0.0,0.0,,0.3559,Musical similarity,37.5-62.5,yes,,
heroic but reflective,semantic,hybrid,1,Re-encarnación,I just can't say Farewell,0.4008,0.0,0.0,,0.75,Strong musical match,175.0-200.0,yes,,
heroic but reflective,semantic,hybrid,2,The reason,"Once Upon a Tale, Pt.1",0.3993,0.0,0.0,,0.7391,Strong musical match,62.5-87.5,yes,,
heroic but reflective,semantic,hybrid,3,Land of No Return,Black & White,0.3989,0.0,0.0,,0.736,Strong musical match,212.5-237.5,yes,,
heroic but reflective,semantic,hybrid,4,Live,I just can't say Farewell,0.392,0.0,0.0,,0.6845,Strong musical match,12.5-37.5,yes,,
heroic but reflective,semantic,hybrid,5,Awekening of the humankind,Experimenting on her own,0.3843,0.0,0.0,,0.6269,Strong musical match,212.5-237.5,yes,,
heroic but reflective,semantic,hybrid,6,The distant island,"Once Upon a Tale, Pt.2",0.3782,0.0,0.0,,0.5812,Strong musical match,125.0-150.0,yes,,
heroic but reflective,semantic,hybrid,7,Pegasus,I just can't say Farewell,0.3751,0.0,0.0,,0.5582,Musical similarity,137.5-162.5,yes,,
heroic but reflective,semantic,hybrid,8,Let the Wolf Out,Black & White,0.3559,0.0,0.0,,0.415,Musical similarity,37.5-62.5,yes,,
epic orchestral music with choir,semantic,semantic,1,Live,I just can't say Farewell,0.5748,0.0,0.0,,0.5748,Musical similarity,62.5-87.5,yes,,
epic orchestral music with choir,semantic,semantic,2,The distant island,"Once Upon a Tale, Pt.2",0.5017,0.0,0.0,,0.5017,Musical similarity,37.5-62.5,yes,,
epic orchestral music with choir,semantic,semantic,3,Ascension of a demon,Experimenting on her own,0.5002,0.0,0.0,,0.5002,Musical similarity,75.0-100.0,yes,,
epic orchestral music with choir,semantic,semantic,4,Believe,I just can't say Farewell,0.4959,0.0,0.0,,0.4959,Musical similarity,137.5-162.5,yes,,
epic orchestral music with choir,semantic,semantic,5,Dracones Venandi,Dragon Rage,0.485,0.0,0.0,,0.485,Musical similarity,12.5-37.5,yes,,
epic orchestral music with choir,semantic,semantic,6,Tales of the enchanted sword,"Once Upon a Tale, Pt.1",0.4666,0.0,0.0,,0.4666,Musical similarity,0.0-25.0,yes,,
epic orchestral music with choir,semantic,semantic,7,Ivory Castle,"Once Upon a Tale, Pt.1",0.4645,0.0,0.0,,0.4645,Musical similarity,62.5-87.5,yes,,
epic orchestral music with choir,semantic,semantic,8,Epic western,Experimenting on her own,0.4572,0.0,0.0,,0.4572,Musical similarity,37.5-62.5,yes,,
epic orchestral music with choir,semantic,hybrid,1,Live,I just can't say Farewell,0.5748,0.0,0.0,,1.0,Strong musical match,62.5-87.5,yes,,
epic orchestral music with choir,semantic,hybrid,2,The distant island,"Once Upon a Tale, Pt.2",0.5017,0.0,0.0,,0.6095,Musical similarity,37.5-62.5,yes,,
epic orchestral music with choir,semantic,hybrid,3,Ascension of a demon,Experimenting on her own,0.5002,0.0,0.0,,0.6017,Musical similarity,75.0-100.0,yes,,
epic orchestral music with choir,semantic,hybrid,4,Believe,I just can't say Farewell,0.4959,0.0,0.0,,0.5788,Musical similarity,137.5-162.5,yes,,
epic orchestral music with choir,semantic,hybrid,5,Dracones Venandi,Dragon Rage,0.485,0.0,0.0,,0.5202,Musical similarity,12.5-37.5,no,,
epic orchestral music with choir,semantic,hybrid,6,Tales of the enchanted sword,"Once Upon a Tale, Pt.1",0.4666,0.0,0.0,,0.4221,Musical similarity,0.0-25.0,no,,
epic orchestral music with choir,semantic,hybrid,7,Ivory Castle,"Once Upon a Tale, Pt.1",0.4645,0.0,0.0,,0.4109,Musical similarity,62.5-87.5,no,,
epic orchestral music with choir,semantic,hybrid,8,Epic western,Experimenting on her own,0.4572,0.1375,0.0,partial_title,0.3969,Partial title match,37.5-62.5,no,,
music for a quiet sunrise,semantic,semantic,1,Re-encarnación,I just can't say Farewell,0.4403,0.0,0.0,,0.4403,Musical similarity,192.264-217.264,yes,,
music for a quiet sunrise,semantic,semantic,2,Quest for Avalon,9,0.4272,0.0,0.0,,0.4272,Musical similarity,75.0-100.0,yes,,
music for a quiet sunrise,semantic,semantic,3,The reason,"Once Upon a Tale, Pt.1",0.3968,0.0,0.0,,0.3968,Musical similarity,0.0-25.0,yes,,
music for a quiet sunrise,semantic,semantic,4,Live,I just can't say Farewell,0.3513,0.0,0.0,,0.3513,Musical similarity,0.0-25.0,yes,,
music for a quiet sunrise,semantic,semantic,5,Land of No Return,Black & White,0.3447,0.0,0.0,,0.3447,Musical similarity,0.0-25.0,yes,,
music for a quiet sunrise,semantic,semantic,6,Raven lullaby,The pathmaker,0.3299,0.0,0.0,,0.3299,Musical similarity,0.0-25.0,yes,,
music for a quiet sunrise,semantic,semantic,7,The Guide Girl,"Once Upon a Tale, Pt.2",0.3277,0.0,0.0,,0.3277,Musical similarity,37.5-62.5,yes,,
music for a quiet sunrise,semantic,semantic,8,The right side of an orange,I just can't say Farewell,0.316,0.0,0.0,,0.316,Musical similarity,62.5-87.5,yes,,
music for a quiet sunrise,semantic,hybrid,1,Re-encarnación,I just can't say Farewell,0.4403,0.0,0.0,,1.0,Strong musical match,192.264-217.264,yes,,
music for a quiet sunrise,semantic,hybrid,2,Quest for Avalon,9,0.4272,0.0,0.0,,0.9452,Strong musical match,75.0-100.0,yes,,
music for a quiet sunrise,semantic,hybrid,3,The reason,"Once Upon a Tale, Pt.1",0.3968,0.0,0.0,,0.8183,Strong musical match,0.0-25.0,yes,,
music for a quiet sunrise,semantic,hybrid,4,Live,I just can't say Farewell,0.3513,0.0,0.0,,0.6288,Musical similarity,0.0-25.0,yes,,
music for a quiet sunrise,semantic,hybrid,5,Land of No Return,Black & White,0.3447,0.0,0.0,,0.6011,Musical similarity,0.0-25.0,yes,,
music for a quiet sunrise,semantic,hybrid,6,Raven lullaby,The pathmaker,0.3299,0.0,0.0,,0.5393,Musical similarity,0.0-25.0,no,,
music for a quiet sunrise,semantic,hybrid,7,The Guide Girl,"Once Upon a Tale, Pt.2",0.3277,0.0,0.0,,0.5302,Musical similarity,37.5-62.5,no,,
music for a quiet sunrise,semantic,hybrid,8,The right side of an orange,I just can't say Farewell,0.316,0.0,0.0,,0.4812,Musical similarity,62.5-87.5,no,,
dark guide,mixed,semantic,1,Believe,I just can't say Farewell,0.3655,0.0,0.0,,0.3655,Musical similarity,25.0-50.0,yes,,
dark guide,mixed,semantic,2,The dark side,"Once Upon a Tale, Pt.2",0.3564,0.0,0.0,,0.3564,Musical similarity,75.0-100.0,yes,,
dark guide,mixed,semantic,3,Returning home,The pathmaker,0.3531,0.0,0.0,,0.3531,Musical similarity,62.5-87.5,yes,,
dark guide,mixed,semantic,4,Pegasus,I just can't say Farewell,0.3369,0.0,0.0,,0.3369,Musical similarity,141.001-166.001,yes,,
dark guide,mixed,semantic,5,Astral door,The pathmaker,0.3267,0.0,0.0,,0.3267,Musical similarity,25.0-50.0,yes,,
dark guide,mixed,semantic,6,Behind the door,New old world order,0.3245,0.0,0.0,,0.3245,Musical similarity,0.0-25.0,yes,,
dark guide,mixed,semantic,7,Misunderstood Tales,Black & White,0.3179,0.0,0.0,,0.3179,Musical similarity,25.0-50.0,yes,,
dark guide,mixed,semantic,8,The cry of the elves,"Once Upon a Tale, Pt.1",0.2943,0.0,0.0,,0.2943,Musical similarity,137.5-162.5,yes,,
dark guide,mixed,hybrid,1,The dark side,"Once Upon a Tale, Pt.2",0.3564,0.275,0.0,partial_title,0.8509,Partial title match + Strong musical match,75.0-100.0,yes,,
dark guide,mixed,hybrid,2,Believe,I just can't say Farewell,0.3655,0.0,0.0,,0.75,Strong musical match,25.0-50.0,yes,,
dark guide,mixed,hybrid,3,Returning home,The pathmaker,0.3531,0.0,0.0,,0.6811,Strong musical match,62.5-87.5,yes,,
dark guide,mixed,hybrid,4,Pegasus,I just can't say Farewell,0.3369,0.0,0.0,,0.5911,Strong musical match,141.001-166.001,yes,,
dark guide,mixed,hybrid,5,Astral door,The pathmaker,0.3267,0.0,0.0,,0.5349,Musical similarity,25.0-50.0,yes,,
dark guide,mixed,hybrid,6,Behind the door,New old world order,0.3245,0.0,0.0,,0.5223,Musical similarity,0.0-25.0,yes,,
dark guide,mixed,hybrid,7,Misunderstood Tales,Black & White,0.3179,0.0,0.0,,0.4856,Musical similarity,25.0-50.0,yes,,
dark guide,mixed,hybrid,8,Dark Blue Horizon,I just can't say Farewell,0.274,0.275,0.0,partial_title,0.3932,Partial title match,125.0-150.0,no,,
guide through a dark forest,mixed,semantic,1,Pegasus,I just can't say Farewell,0.4155,0.0,0.0,,0.4155,Musical similarity,141.001-166.001,yes,,
guide through a dark forest,mixed,semantic,2,Misunderstood Tales,Black & White,0.4029,0.0,0.0,,0.4029,Musical similarity,25.0-50.0,yes,,
guide through a dark forest,mixed,semantic,3,The cry of the elves,"Once Upon a Tale, Pt.1",0.3907,0.0,0.0,,0.3907,Musical similarity,156.334-181.334,yes,,
guide through a dark forest,mixed,semantic,4,Ivory Castle,"Once Upon a Tale, Pt.1",0.3901,0.0,0.0,,0.3901,Musical similarity,75.0-100.0,yes,,
guide through a dark forest,mixed,semantic,5,Astral door,The pathmaker,0.3847,0.0,0.0,,0.3847,Musical similarity,75.0-100.0,yes,,
guide through a dark forest,mixed,semantic,6,Be a three X,"Once Upon a Tale, Pt.2",0.3638,0.0,0.0,,0.3638,Musical similarity,0.0-25.0,yes,,
guide through a dark forest,mixed,semantic,7,Hic sunt dracones,The pathmaker,0.3609,0.0,0.0,,0.3609,Musical similarity,137.5-162.5,yes,,
guide through a dark forest,mixed,semantic,8,Quest for Avalon,9,0.3609,0.0,0.0,,0.3609,Musical similarity,0.0-25.0,yes,,
guide through a dark forest,mixed,hybrid,1,Pegasus,I just can't say Farewell,0.4155,0.0,0.0,,1.0,Strong musical match,141.001-166.001,yes,,
guide through a dark forest,mixed,hybrid,2,Misunderstood Tales,Black & White,0.4029,0.0,0.0,,0.91,Strong musical match,25.0-50.0,yes,,
guide through a dark forest,mixed,hybrid,3,The cry of the elves,"Once Upon a Tale, Pt.1",0.3907,0.0,0.0,,0.8233,Strong musical match,156.334-181.334,yes,,
guide through a dark forest,mixed,hybrid,4,Ivory Castle,"Once Upon a Tale, Pt.1",0.3901,0.0,0.0,,0.8185,Strong musical match,75.0-100.0,yes,,
guide through a dark forest,mixed,hybrid,5,Astral door,The pathmaker,0.3847,0.0,0.0,,0.78,Strong musical match,75.0-100.0,yes,,
guide through a dark forest,mixed,hybrid,6,Be a three X,"Once Upon a Tale, Pt.2",0.3638,0.0,0.0,,0.6308,Musical similarity,0.0-25.0,yes,,
guide through a dark forest,mixed,hybrid,7,Hic sunt dracones,The pathmaker,0.3609,0.0,0.0,,0.6103,Musical similarity,137.5-162.5,yes,,
guide through a dark forest,mixed,hybrid,8,Quest for Avalon,9,0.3609,0.0,0.0,,0.6102,Musical similarity,0.0-25.0,yes,,
a mysterious guide crossing an ancient forest,mixed,semantic,1,Ivory Castle,"Once Upon a Tale, Pt.1",0.4456,0.0,0.0,,0.4456,Musical similarity,75.0-100.0,yes,,
a mysterious guide crossing an ancient forest,mixed,semantic,2,Be a three X,"Once Upon a Tale, Pt.2",0.4223,0.0,0.0,,0.4223,Musical similarity,0.0-25.0,yes,,
a mysterious guide crossing an ancient forest,mixed,semantic,3,Live,I just can't say Farewell,0.4034,0.0,0.0,,0.4034,Musical similarity,12.5-37.5,yes,,
a mysterious guide crossing an ancient forest,mixed,semantic,4,Misunderstood Tales,Black & White,0.3857,0.0,0.0,,0.3857,Musical similarity,25.0-50.0,yes,,
a mysterious guide crossing an ancient forest,mixed,semantic,5,Hic sunt dracones,The pathmaker,0.3806,0.0,0.0,,0.3806,Musical similarity,150.0-175.0,yes,,
a mysterious guide crossing an ancient forest,mixed,semantic,6,Quest for Avalon,9,0.3728,0.0,0.0,,0.3728,Musical similarity,387.5-412.5,yes,,
a mysterious guide crossing an ancient forest,mixed,semantic,7,Astral door,The pathmaker,0.365,0.0,0.0,,0.365,Musical similarity,100.0-125.0,yes,,
a mysterious guide crossing an ancient forest,mixed,semantic,8,Healing Wind,The pathmaker,0.3491,0.0,0.0,,0.3491,Musical similarity,0.0-25.0,yes,,
a mysterious guide crossing an ancient forest,mixed,hybrid,1,Ivory Castle,"Once Upon a Tale, Pt.1",0.4456,0.0,0.0,,1.0,Strong musical match,75.0-100.0,yes,,
a mysterious guide crossing an ancient forest,mixed,hybrid,2,Be a three X,"Once Upon a Tale, Pt.2",0.4223,0.0,0.0,,0.8791,Strong musical match,0.0-25.0,yes,,
a mysterious guide crossing an ancient forest,mixed,hybrid,3,Live,I just can't say Farewell,0.4034,0.0,0.0,,0.7809,Strong musical match,12.5-37.5,yes,,
a mysterious guide crossing an ancient forest,mixed,hybrid,4,Misunderstood Tales,Black & White,0.3857,0.0,0.0,,0.689,Musical similarity,25.0-50.0,yes,,
a mysterious guide crossing an ancient forest,mixed,hybrid,5,Hic sunt dracones,The pathmaker,0.3806,0.0,0.0,,0.6628,Musical similarity,150.0-175.0,yes,,
a mysterious guide crossing an ancient forest,mixed,hybrid,6,Quest for Avalon,9,0.3728,0.0,0.0,,0.6219,Musical similarity,387.5-412.5,yes,,
a mysterious guide crossing an ancient forest,mixed,hybrid,7,Astral door,The pathmaker,0.365,0.0,0.0,,0.5818,Musical similarity,100.0-125.0,yes,,
a mysterious guide crossing an ancient forest,mixed,hybrid,8,Healing Wind,The pathmaker,0.3491,0.0,0.0,,0.499,Musical similarity,0.0-25.0,no,,
something that makes me believe again,mixed,semantic,1,Re-encarnación,I just can't say Farewell,0.3059,0.0,0.0,,0.3059,Musical similarity,25.0-50.0,yes,,
something that makes me believe again,mixed,semantic,2,The Guide Girl,"Once Upon a Tale, Pt.2",0.3028,0.0,0.0,,0.3028,Musical similarity,0.0-25.0,yes,,
something that makes me believe again,mixed,semantic,3,My finger on your back,In love or versus,0.2867,0.0,0.0,,0.2867,Musical similarity,0.0-25.0,yes,,
something that makes me believe again,mixed,semantic,4,Pegasus,I just can't say Farewell,0.2659,0.0,0.0,,0.2659,Musical similarity,137.5-162.5,yes,,
something that makes me believe again,mixed,semantic,5,Light Awaits,I just can't say Farewell,0.2657,0.0,0.0,,0.2657,Musical similarity,146.201-171.201,yes,,
something that makes me believe again,mixed,semantic,6,Dark Blue Horizon,I just can't say Farewell,0.2592,0.0,0.0,,0.2592,Musical similarity,125.0-150.0,yes,,
something that makes me believe again,mixed,semantic,7,Fall of the angel,Experimenting on her own,0.2573,0.0,0.0,,0.2573,Musical similarity,12.5-37.5,yes,,
something that makes me believe again,mixed,semantic,8,Salute Yo'king,"Once Upon a Tale, Pt.2",0.2542,0.0,0.0,,0.2542,Musical similarity,50.0-75.0,yes,,
something that makes me believe again,mixed,hybrid,1,Re-encarnación,I just can't say Farewell,0.3059,0.0,0.0,,1.0,Strong musical match,25.0-50.0,yes,,
something that makes me believe again,mixed,hybrid,2,The Guide Girl,"Once Upon a Tale, Pt.2",0.3028,0.0,0.0,,0.9759,Strong musical match,0.0-25.0,yes,,
something that makes me believe again,mixed,hybrid,3,My finger on your back,In love or versus,0.2867,0.0,0.0,,0.8503,Strong musical match,0.0-25.0,yes,,
something that makes me believe again,mixed,hybrid,4,Pegasus,I just can't say Farewell,0.2659,0.0,0.0,,0.6885,Musical similarity,137.5-162.5,yes,,
something that makes me believe again,mixed,hybrid,5,Light Awaits,I just can't say Farewell,0.2657,0.0,0.0,,0.6869,Musical similarity,146.201-171.201,yes,,
something that makes me believe again,mixed,hybrid,6,Dark Blue Horizon,I just can't say Farewell,0.2592,0.0,0.0,,0.6368,Musical similarity,125.0-150.0,yes,,
something that makes me believe again,mixed,hybrid,7,Fall of the angel,Experimenting on her own,0.2573,0.0,0.0,,0.622,Musical similarity,12.5-37.5,yes,,
something that makes me believe again,mixed,hybrid,8,Salute Yo'king,"Once Upon a Tale, Pt.2",0.2542,0.0,0.0,,0.5975,Musical similarity,50.0-75.0,yes,,
music on the edge of a battle,mixed,semantic,1,Astral door,The pathmaker,0.5387,0.0,0.0,,0.5387,Musical similarity,135.0-160.0,yes,,
music on the edge of a battle,mixed,semantic,2,Your crazy moments,In love or versus,0.528,0.0,0.0,,0.528,Musical similarity,0.0-25.0,yes,,
music on the edge of a battle,mixed,semantic,3,Live,I just can't say Farewell,0.5107,0.0,0.0,,0.5107,Musical similarity,100.0-125.0,yes,,
music on the edge of a battle,mixed,semantic,4,Misunderstood Tales,Black & White,0.4899,0.0,0.0,,0.4899,Musical similarity,25.0-50.0,yes,,
music on the edge of a battle,mixed,semantic,5,Dark crimsom oil as Blood,Night Clockwork,0.4836,0.0,0.0,,0.4836,Musical similarity,0.0-25.0,yes,,
music on the edge of a battle,mixed,semantic,6,Chase in the woods,9,0.4619,0.0,0.0,,0.4619,Musical similarity,137.5-162.5,yes,,
music on the edge of a battle,mixed,semantic,7,Quest for Avalon,9,0.4587,0.0,0.0,,0.4587,Musical similarity,450.0-475.0,yes,,
music on the edge of a battle,mixed,semantic,8,Back cover,Dawn in Istoccar,0.4583,0.0,0.0,,0.4583,Musical similarity,0.0-25.0,yes,,
music on the edge of a battle,mixed,hybrid,1,Astral door,The pathmaker,0.5387,0.0,0.0,,1.0,Strong musical match,135.0-160.0,yes,,
music on the edge of a battle,mixed,hybrid,2,Your crazy moments,In love or versus,0.528,0.0,0.0,,0.9214,Strong musical match,0.0-25.0,yes,,
music on the edge of a battle,mixed,hybrid,3,Live,I just can't say Farewell,0.5107,0.0,0.0,,0.7949,Strong musical match,100.0-125.0,yes,,
music on the edge of a battle,mixed,hybrid,4,Misunderstood Tales,Black & White,0.4899,0.0,0.0,,0.6431,Musical similarity,25.0-50.0,yes,,
music on the edge of a battle,mixed,hybrid,5,Dark crimsom oil as Blood,Night Clockwork,0.4836,0.0,0.0,,0.5969,Musical similarity,0.0-25.0,yes,,
music on the edge of a battle,mixed,hybrid,6,Chase in the woods,9,0.4619,0.0,0.0,,0.4378,Musical similarity,137.5-162.5,no,,
music on the edge of a battle,mixed,hybrid,7,Quest for Avalon,9,0.4587,0.0,0.0,,0.4143,Musical similarity,450.0-475.0,no,,
music on the edge of a battle,mixed,hybrid,8,Back cover,Dawn in Istoccar,0.4583,0.0,0.0,,0.4115,Musical similarity,0.0-25.0,no,,
dragon music for a peaceful fantasy scene,mixed,semantic,1,Quest for Avalon,9,0.461,0.0,0.0,,0.461,Musical similarity,87.5-112.5,yes,,
dragon music for a peaceful fantasy scene,mixed,semantic,2,Live,I just can't say Farewell,0.4541,0.0,0.0,,0.4541,Musical similarity,0.0-25.0,yes,,
dragon music for a peaceful fantasy scene,mixed,semantic,3,Ivory Castle,"Once Upon a Tale, Pt.1",0.4458,0.0,0.0,,0.4458,Musical similarity,75.0-100.0,yes,,
dragon music for a peaceful fantasy scene,mixed,semantic,4,Dark Blue Horizon,I just can't say Farewell,0.442,0.0,0.0,,0.442,Musical similarity,241.401-266.401,yes,,
dragon music for a peaceful fantasy scene,mixed,semantic,5,Awekening of the humankind,Experimenting on her own,0.4411,0.0,0.0,,0.4411,Musical similarity,125.0-150.0,yes,,
dragon music for a peaceful fantasy scene,mixed,semantic,6,The reason,"Once Upon a Tale, Pt.1",0.4146,0.0,0.0,,0.4146,Musical similarity,125.0-150.0,yes,,
dragon music for a peaceful fantasy scene,mixed,semantic,7,Be a three X,"Once Upon a Tale, Pt.2",0.4144,0.0,0.0,,0.4144,Musical similarity,112.5-137.5,yes,,
dragon music for a peaceful fantasy scene,mixed,semantic,8,The right side of an orange,I just can't say Farewell,0.4036,0.0,0.0,,0.4036,Musical similarity,62.5-87.5,yes,,
dragon music for a peaceful fantasy scene,mixed,hybrid,1,Quest for Avalon,9,0.461,0.0,0.0,,1.0,Strong musical match,87.5-112.5,yes,,
dragon music for a peaceful fantasy scene,mixed,hybrid,2,Live,I just can't say Farewell,0.4541,0.0,0.0,,0.9611,Strong musical match,0.0-25.0,yes,,
dragon music for a peaceful fantasy scene,mixed,hybrid,3,Ivory Castle,"Once Upon a Tale, Pt.1",0.4458,0.0,0.0,,0.9152,Strong musical match,75.0-100.0,yes,,
dragon music for a peaceful fantasy scene,mixed,hybrid,4,Dark Blue Horizon,I just can't say Farewell,0.442,0.0,0.0,,0.8938,Strong musical match,241.401-266.401,yes,,
dragon music for a peaceful fantasy scene,mixed,hybrid,5,Awekening of the humankind,Experimenting on her own,0.4411,0.0,0.0,,0.8887,Strong musical match,125.0-150.0,yes,,
dragon music for a peaceful fantasy scene,mixed,hybrid,6,The reason,"Once Upon a Tale, Pt.1",0.4146,0.0,0.0,,0.741,Musical similarity,125.0-150.0,yes,,
dragon music for a peaceful fantasy scene,mixed,hybrid,7,Be a three X,"Once Upon a Tale, Pt.2",0.4144,0.0,0.0,,0.7399,Musical similarity,112.5-137.5,yes,,
dragon music for a peaceful fantasy scene,mixed,hybrid,8,The right side of an orange,I just can't say Farewell,0.4036,0.0,0.0,,0.6797,Musical similarity,62.5-87.5,yes,,
guide,spanish,semantic,1,What Now?,Black & White,0.3405,0.0,0.0,,0.3405,Musical similarity,158.824-183.824,yes,,
guide,spanish,semantic,2,Behind the door,New old world order,0.3399,0.0,0.0,,0.3399,Musical similarity,112.5-137.5,yes,,
guide,spanish,semantic,3,Thanks to my gipsy roots,I just can't say Farewell,0.3357,0.0,0.0,,0.3357,Musical similarity,12.5-37.5,yes,,
guide,spanish,semantic,4,Pegasus,I just can't say Farewell,0.335,0.0,0.0,,0.335,Musical similarity,37.5-62.5,yes,,
guide,spanish,semantic,5,The Guide Girl,"Once Upon a Tale, Pt.2",0.3211,0.0,0.0,,0.3211,Musical similarity,87.5-112.5,yes,,
guide,spanish,semantic,6,Awekening of the humankind,Experimenting on her own,0.315,0.0,0.0,,0.315,Musical similarity,0.0-25.0,yes,,
guide,spanish,semantic,7,Healing Wind,The pathmaker,0.3073,0.0,0.0,,0.3073,Musical similarity,0.0-25.0,yes,,
guide,spanish,semantic,8,Quest for Avalon,9,0.3046,0.0,0.0,,0.3046,Musical similarity,375.0-400.0,yes,,
guide,spanish,hybrid,1,The Guide Girl,"Once Upon a Tale, Pt.2",0.3211,0.8,0.0,all_tokens_title,1.8842,Title match + Strong musical match,87.5-112.5,yes,,
guide,spanish,hybrid,2,What Now?,Black & White,0.3405,0.0,0.0,,0.35,Strong musical match,158.824-183.824,no,,
guide,spanish,hybrid,3,Behind the door,New old world order,0.3399,0.0,0.0,,0.3481,Strong musical match,112.5-137.5,no,,
guide,spanish,hybrid,4,Thanks to my gipsy roots,I just can't say Farewell,0.3357,0.0,0.0,,0.3336,Strong musical match,12.5-37.5,no,,
guide,spanish,hybrid,5,Pegasus,I just can't say Farewell,0.335,0.0,0.0,,0.3312,Strong musical match,37.5-62.5,no,,
guide,spanish,hybrid,6,Awekening of the humankind,Experimenting on her own,0.315,0.0,0.0,,0.2633,Strong musical match,0.0-25.0,no,,
guide,spanish,hybrid,7,Healing Wind,The pathmaker,0.3073,0.0,0.0,,0.2373,Musical similarity,0.0-25.0,no,,
guide,spanish,hybrid,8,Quest for Avalon,9,0.3046,0.0,0.0,,0.228,Musical similarity,375.0-400.0,no,,
the guide girl,spanish,semantic,1,What Now?,Black & White,0.3862,0.0,0.0,,0.3862,Musical similarity,158.824-183.824,yes,,
the guide girl,spanish,semantic,2,Pegasus,I just can't say Farewell,0.3686,0.0,0.0,,0.3686,Musical similarity,37.5-62.5,yes,,
the guide girl,spanish,semantic,3,The Guide Girl,"Once Upon a Tale, Pt.2",0.3628,0.0,0.0,,0.3628,Musical similarity,87.5-112.5,yes,,
the guide girl,spanish,semantic,4,Behind the door,New old world order,0.3528,0.0,0.0,,0.3528,Musical similarity,112.5-137.5,yes,,
the guide girl,spanish,semantic,5,Re-encarnación,I just can't say Farewell,0.3309,0.0,0.0,,0.3309,Musical similarity,187.5-212.5,yes,,
the guide girl,spanish,semantic,6,Fall of the angel,Experimenting on her own,0.3276,0.0,0.0,,0.3276,Musical similarity,121.035-146.035,yes,,
the guide girl,spanish,semantic,7,Dark Blue Horizon,I just can't say Farewell,0.3263,0.0,0.0,,0.3263,Musical similarity,241.401-266.401,yes,,
the guide girl,spanish,semantic,8,Salute Yo'king,"Once Upon a Tale, Pt.2",0.3188,0.0,0.0,,0.3188,Musical similarity,100.0-125.0,yes,,
the guide girl,spanish,hybrid,1,The Guide Girl,"Once Upon a Tale, Pt.2",0.3628,1.0,0.0,exact_title,2.2819,Exact title match + Strong musical match,87.5-112.5,yes,,
the guide girl,spanish,hybrid,2,What Now?,Black & White,0.3862,0.0,0.0,,0.35,Strong musical match,158.824-183.824,no,,
the guide girl,spanish,hybrid,3,Pegasus,I just can't say Farewell,0.3686,0.0,0.0,,0.2987,Strong musical match,37.5-62.5,no,,
the guide girl,spanish,hybrid,4,Behind the door,New old world order,0.3528,0.0,0.0,,0.2527,Musical similarity,112.5-137.5,no,,
the guide girl,spanish,hybrid,5,Re-encarnación,I just can't say Farewell,0.3309,0.0,0.0,,0.1889,Musical similarity,187.5-212.5,no,,
the guide girl,spanish,hybrid,6,Fall of the angel,Experimenting on her own,0.3276,0.0,0.0,,0.1793,Musical similarity,121.035-146.035,no,,
the guide girl,spanish,hybrid,7,Dark Blue Horizon,I just can't say Farewell,0.3263,0.0,0.0,,0.1758,Musical similarity,241.401-266.401,no,,
the guide girl,spanish,hybrid,8,Salute Yo'king,"Once Upon a Tale, Pt.2",0.3188,0.0,0.0,,0.1539,Musical similarity,100.0-125.0,no,,
musica oscura pero tranquila,spanish,semantic,1,The dark side,"Once Upon a Tale, Pt.2",0.363,0.0,0.0,,0.363,Musical similarity,25.0-50.0,yes,,
musica oscura pero tranquila,spanish,semantic,2,Land of No Return,Black & White,0.2797,0.0,0.0,,0.2797,Musical similarity,0.0-25.0,yes,,
musica oscura pero tranquila,spanish,semantic,3,The cry of the elves,"Once Upon a Tale, Pt.1",0.2712,0.0,0.0,,0.2712,Musical similarity,156.334-181.334,yes,,
musica oscura pero tranquila,spanish,semantic,4,Misunderstood Tales,Black & White,0.2644,0.0,0.0,,0.2644,Musical similarity,25.0-50.0,yes,,
musica oscura pero tranquila,spanish,semantic,5,Raven lullaby,The pathmaker,0.2603,0.0,0.0,,0.2603,Musical similarity,0.0-25.0,yes,,
musica oscura pero tranquila,spanish,semantic,6,Believe,I just can't say Farewell,0.2577,0.0,0.0,,0.2577,Musical similarity,0.0-25.0,yes,,
musica oscura pero tranquila,spanish,semantic,7,Re-encarnación,I just can't say Farewell,0.2491,0.0,0.0,,0.2491,Musical similarity,192.264-217.264,yes,,
musica oscura pero tranquila,spanish,semantic,8,Hic sunt dracones,The pathmaker,0.2466,0.0,0.0,,0.2466,Musical similarity,0.0-25.0,yes,,
musica oscura pero tranquila,spanish,hybrid,1,The dark side,"Once Upon a Tale, Pt.2",0.363,0.0,0.0,,1.0,Strong musical match,25.0-50.0,yes,,
musica oscura pero tranquila,spanish,hybrid,2,Land of No Return,Black & White,0.2797,0.0,0.0,,0.5746,Musical similarity,0.0-25.0,yes,,
musica oscura pero tranquila,spanish,hybrid,3,The cry of the elves,"Once Upon a Tale, Pt.1",0.2712,0.0,0.0,,0.5312,Musical similarity,156.334-181.334,yes,,
musica oscura pero tranquila,spanish,hybrid,4,Misunderstood Tales,Black & White,0.2644,0.0,0.0,,0.4963,Musical similarity,25.0-50.0,yes,,
musica oscura pero tranquila,spanish,hybrid,5,Raven lullaby,The pathmaker,0.2603,0.0,0.0,,0.4755,Musical similarity,0.0-25.0,no,,
musica oscura pero tranquila,spanish,hybrid,6,Believe,I just can't say Farewell,0.2577,0.0,0.0,,0.4622,Musical similarity,0.0-25.0,no,,
musica oscura pero tranquila,spanish,hybrid,7,Re-encarnación,I just can't say Farewell,0.2491,0.0,0.0,,0.4184,Musical similarity,192.264-217.264,no,,
musica oscura pero tranquila,spanish,hybrid,8,Hic sunt dracones,The pathmaker,0.2466,0.0,0.0,,0.4054,Musical similarity,0.0-25.0,no,,
musica medieval suave con flauta,spanish,semantic,1,Live,I just can't say Farewell,0.5601,0.0,0.0,,0.5601,Musical similarity,0.0-25.0,yes,,
musica medieval suave con flauta,spanish,semantic,2,The right side of an orange,I just can't say Farewell,0.4458,0.0,0.0,,0.4458,Musical similarity,62.5-87.5,yes,,
musica medieval suave con flauta,spanish,semantic,3,Ancient Ritual,Never without The Bards,0.4401,0.0,0.0,,0.4401,Musical similarity,0.0-25.0,yes,,
musica medieval suave con flauta,spanish,semantic,4,Quest for Avalon,9,0.4213,0.0,0.0,,0.4213,Musical similarity,250.0-275.0,yes,,
musica medieval suave con flauta,spanish,semantic,5,Ivory Castle,"Once Upon a Tale, Pt.1",0.3933,0.0,0.0,,0.3933,Musical similarity,75.0-100.0,yes,,
musica medieval suave con flauta,spanish,semantic,6,Red Belt,Dawn in Istoccar,0.3878,0.0,0.0,,0.3878,Musical similarity,0.0-25.0,yes,,
musica medieval suave con flauta,spanish,semantic,7,Be a three X,"Once Upon a Tale, Pt.2",0.3409,0.0,0.0,,0.3409,Musical similarity,112.5-137.5,yes,,
musica medieval suave con flauta,spanish,semantic,8,Awekening of the humankind,Experimenting on her own,0.3176,0.0,0.0,,0.3176,Musical similarity,112.5-137.5,yes,,
musica medieval suave con flauta,spanish,hybrid,1,Live,I just can't say Farewell,0.5601,0.0,0.0,,1.0,Strong musical match,0.0-25.0,yes,,
musica medieval suave con flauta,spanish,hybrid,2,The right side of an orange,I just can't say Farewell,0.4458,0.0,0.0,,0.6724,Musical similarity,62.5-87.5,yes,,
musica medieval suave con flauta,spanish,hybrid,3,Ancient Ritual,Never without The Bards,0.4401,0.0,0.0,,0.6561,Musical similarity,0.0-25.0,yes,,
musica medieval suave con flauta,spanish,hybrid,4,Quest for Avalon,9,0.4213,0.0,0.0,,0.6022,Musical similarity,250.0-275.0,yes,,
musica medieval suave con flauta,spanish,hybrid,5,Ivory Castle,"Once Upon a Tale, Pt.1",0.3933,0.0,0.0,,0.5219,Musical similarity,75.0-100.0,no,,
musica medieval suave con flauta,spanish,hybrid,6,Red Belt,Dawn in Istoccar,0.3878,0.0,0.0,,0.5061,Musical similarity,0.0-25.0,no,,
musica medieval suave con flauta,spanish,hybrid,7,Be a three X,"Once Upon a Tale, Pt.2",0.3409,0.0,0.0,,0.3715,Musical similarity,112.5-137.5,no,,
musica medieval suave con flauta,spanish,hybrid,8,Awekening of the humankind,Experimenting on her own,0.3176,0.0,0.0,,0.3047,Musical similarity,112.5-137.5,no,,
musica para explorar unas ruinas antiguas,spanish,semantic,1,Be a three X,"Once Upon a Tale, Pt.2",0.5522,0.0,0.0,,0.5522,Musical similarity,0.0-25.0,yes,,
musica para explorar unas ruinas antiguas,spanish,semantic,2,Ivory Castle,"Once Upon a Tale, Pt.1",0.5343,0.0,0.0,,0.5343,Musical similarity,75.0-100.0,yes,,
musica para explorar unas ruinas antiguas,spanish,semantic,3,Dark Blue Horizon,I just can't say Farewell,0.5283,0.0,0.0,,0.5283,Musical similarity,225.0-250.0,yes,,
musica para explorar unas ruinas antiguas,spanish,semantic,4,Live,I just can't say Farewell,0.5248,0.0,0.0,,0.5248,Musical similarity,100.0-125.0,yes,,
musica para explorar unas ruinas antiguas,spanish,semantic,5,Quest for Avalon,9,0.5161,0.0,0.0,,0.5161,Musical similarity,387.5-412.5,yes,,
musica para explorar unas ruinas antiguas,spanish,semantic,6,Misunderstood Tales,Black & White,0.4959,0.0,0.0,,0.4959,Musical similarity,25.0-50.0,yes,,
musica para explorar unas ruinas antiguas,spanish,semantic,7,Awekening of the humankind,Experimenting on her own,0.4748,0.0,0.0,,0.4748,Musical similarity,112.5-137.5,yes,,
musica para explorar unas ruinas antiguas,spanish,semantic,8,Classical is so metal,Experimenting on her own,0.4463,0.0,0.0,,0.4463,Musical similarity,25.0-50.0,yes,,
musica para explorar unas ruinas antiguas,spanish,hybrid,1,Be a three X,"Once Upon a Tale, Pt.2",0.5522,0.0,0.0,,1.0,Strong musical match,0.0-25.0,yes,,
musica para explorar unas ruinas antiguas,spanish,hybrid,2,Ivory Castle,"Once Upon a Tale, Pt.1",0.5343,0.0,0.0,,0.9036,Strong musical match,75.0-100.0,yes,,
musica para explorar unas ruinas antiguas,spanish,hybrid,3,Dark Blue Horizon,I just can't say Farewell,0.5283,0.0,0.0,,0.8713,Strong musical match,225.0-250.0,yes,,
musica para explorar unas ruinas antiguas,spanish,hybrid,4,Live,I just can't say Farewell,0.5248,0.0,0.0,,0.8522,Strong musical match,100.0-125.0,yes,,
musica para explorar unas ruinas antiguas,spanish,hybrid,5,Quest for Avalon,9,0.5161,0.0,0.0,,0.8055,Strong musical match,387.5-412.5,yes,,
musica para explorar unas ruinas antiguas,spanish,hybrid,6,Misunderstood Tales,Black & White,0.4959,0.0,0.0,,0.6966,Musical similarity,25.0-50.0,yes,,
musica para explorar unas ruinas antiguas,spanish,hybrid,7,Awekening of the humankind,Experimenting on her own,0.4748,0.0,0.0,,0.5833,Musical similarity,112.5-137.5,yes,,
musica para explorar unas ruinas antiguas,spanish,hybrid,8,Classical is so metal,Experimenting on her own,0.4463,0.0,0.0,,0.4297,Musical similarity,25.0-50.0,no,,
